{
    "uvs":[],
    "vertices":[-0,-1.52984,-0,-0.524876,-0.448074,-0.524875,0.524875,-0.448074,-0.524876,0.524875,-0.448074,0.524875,-0.524875,-0.448074,0.524875,0.524875,-0.448074,-0,-0,-0.448074,-0.524876,-0.524875,-0.448074,0,0,-0.448074,0.524875,1.29749,-0,-1.19662,1.3,0,1.2,-1.3,0,1.2,-1.3,-0,-1.2,0.79958,-0,-0,0,-0,-0.79958,0,0,0.79958,-0.79958,-0,-0,-0,1.52984,-1e-06,-0.524876,0.448074,-0.524875,0.524875,0.448074,-0.524876,0.524875,0.448074,0.524875,-0.524875,0.448074,0.524875,0.524875,0.448074,-0,-0,0.448074,-0.524876,-0.524875,0.448074,-0,0,0.448074,0.524875],
    "name":"CubeGeometry",
    "faces":[32,6,1,12,0,0,0,32,13,10,5,1,1,1,32,16,12,7,2,2,2,32,7,4,11,3,3,3,32,1,6,0,4,4,4,32,0,7,1,5,5,5,32,4,7,0,5,5,5,32,4,0,8,6,6,6,32,8,15,11,7,7,7,32,10,15,8,8,8,8,32,0,6,2,9,9,9,32,5,0,2,10,10,10,32,0,5,3,11,11,11,32,0,3,8,12,12,12,32,10,3,5,13,13,13,32,3,10,8,14,14,14,32,4,8,11,15,15,15,32,16,7,11,16,16,16,32,12,1,7,17,17,17,32,14,6,12,18,18,18,32,9,6,14,19,19,19,32,5,2,9,20,20,20,32,9,2,6,21,21,21,32,13,5,9,22,22,22,32,23,12,18,23,23,23,32,13,22,10,24,24,24,32,16,24,12,25,25,25,32,24,11,21,26,26,26,32,18,17,23,27,27,27,32,17,18,24,28,28,28,32,21,17,24,29,29,29,32,21,25,17,30,30,30,32,25,11,15,31,31,31,32,10,25,15,32,32,32,32,17,19,23,33,33,33,32,22,19,17,34,34,34,32,17,20,22,35,35,35,32,17,25,20,36,36,36,32,10,22,20,37,37,37,32,20,25,10,38,38,38,32,21,11,25,39,39,39,32,16,11,24,40,40,40,32,12,24,18,41,41,41,32,14,12,23,42,42,42,32,9,14,23,43,43,43,32,22,9,19,44,44,44,32,9,23,19,45,45,45,32,13,9,22,46,46,46],
    "normals":[-0,-0.552982,0.833193,0.803279,-0.334981,0.492473,-0.803279,0.334981,0.492474,-0.500465,0,0.865757,-0,-0.899689,0.436531,-0.899689,0,0.436531,0,0.899689,0.436531,0.253983,0.824579,0.505532,-0.253983,0.824579,0.505532,0,-0.899689,0.436531,0.899689,0,0.436531,0.899689,-0,0.436531,0,0.899689,0.436531,0.500465,-0,0.865757,-0,0.552982,0.833193,0,0.552983,0.833193,-0.803279,-0.334981,0.492474,-0.500465,0,0.865757,0.253983,-0.824579,0.505532,-0.252434,-0.824925,0.505743,0.501682,0,0.865052,0,-0.554907,0.831912,0.803478,0.334325,0.492596,-0,-0.552982,-0.833193,0.803279,-0.334981,-0.492473,-0.803279,0.334981,-0.492474,-0.500465,0,-0.865757,-0,-0.899689,-0.436531,-0.899689,0,-0.436531,-0.899689,0,-0.436531,1e-06,0.899689,-0.436531,0.253983,0.824579,-0.505532,-0.253983,0.824579,-0.505532,0,-0.899689,-0.436531,0.899689,-0,-0.436531,0.899689,-0,-0.436531,0,0.899689,-0.436531,0.500466,-0,-0.865757,-0,0.552982,-0.833193,0,0.552983,-0.833193,-0.803279,-0.334981,-0.492474,-0.500465,0,-0.865757,0.253983,-0.824579,-0.505532,-0.252434,-0.824925,-0.505743,0.501682,-0,-0.865052,0,-0.554907,-0.831912,0.803478,0.334325,-0.492596],
    "metadata":{
        "version":3,
        "generator":"io_three",
        "uvs":0,
        "vertices":26,
        "faces":48,
        "normals":47,
        "type":"Geometry"
    }
}